Indicator,Age Group,Male,Female,,both
nMx - age-specific death rate between ages x and x+n,<1 year,0.033,0.028,bolivia,0.0305
nMx - age-specific death rate between ages x and x+n,01-04 years,0.002,0.002,bolivia,0.002
nMx - age-specific death rate between ages x and x+n,05-09 years,0.001,0.001,bolivia,0.001
nMx - age-specific death rate between ages x and x+n,10-14 years,0.001,0.001,bolivia,0.001
nMx - age-specific death rate between ages x and x+n,15-19  years,0.002,0.001,bolivia,0.0015
nMx - age-specific death rate between ages x and x+n,20-24 years,0.003,0.001,bolivia,0.002
nMx - age-specific death rate between ages x and x+n,25-29 years,0.003,0.002,bolivia,0.0025
nMx - age-specific death rate between ages x and x+n,30-34 years,0.004,0.002,bolivia,0.003
nMx - age-specific death rate between ages x and x+n,35-39 years,0.004,0.003,bolivia,0.0035
nMx - age-specific death rate between ages x and x+n,40-44 years,0.005,0.003,bolivia,0.004
nMx - age-specific death rate between ages x and x+n,45-49 years,0.007,0.005,bolivia,0.006
nMx - age-specific death rate between ages x and x+n,50-54 years,0.008,0.006,bolivia,0.007
nMx - age-specific death rate between ages x and x+n,55-59 years,0.012,0.009,bolivia,0.0105
nMx - age-specific death rate between ages x and x+n,60-64 years,0.018,0.014,bolivia,0.016
nMx - age-specific death rate between ages x and x+n,65-69 years,0.025,0.02,bolivia,0.0225
nMx - age-specific death rate between ages x and x+n,70-74 years,0.035,0.027,bolivia,0.031
nMx - age-specific death rate between ages x and x+n,75-79 years,0.053,0.04,bolivia,0.0465
nMx - age-specific death rate between ages x and x+n,80-84 years,0.077,0.063,bolivia,0.07
nMx - age-specific death rate between ages x and x+n,85+ years,0.16,0.129,bolivia,0.1445
nMx - age-specific death rate between ages x and x+n,<1 year,0.013,0.011,peru,0.012
nMx - age-specific death rate between ages x and x+n,01-04 years,0.001,0.001,peru,0.001
nMx - age-specific death rate between ages x and x+n,05-09 years,0,0,peru,0
nMx - age-specific death rate between ages x and x+n,10-14 years,0,0,peru,0
nMx - age-specific death rate between ages x and x+n,15-19  years,0.001,0.001,peru,0.001
nMx - age-specific death rate between ages x and x+n,20-24 years,0.001,0.001,peru,0.001
nMx - age-specific death rate between ages x and x+n,25-29 years,0.002,0.001,peru,0.0015
nMx - age-specific death rate between ages x and x+n,30-34 years,0.002,0.001,peru,0.0015
nMx - age-specific death rate between ages x and x+n,35-39 years,0.003,0.001,peru,0.002
nMx - age-specific death rate between ages x and x+n,40-44 years,0.003,0.002,peru,0.0025
nMx - age-specific death rate between ages x and x+n,45-49 years,0.005,0.003,peru,0.004
nMx - age-specific death rate between ages x and x+n,50-54 years,0.007,0.004,peru,0.0055
nMx - age-specific death rate between ages x and x+n,55-59 years,0.01,0.006,peru,0.008
nMx - age-specific death rate between ages x and x+n,60-64 years,0.015,0.009,peru,0.012
nMx - age-specific death rate between ages x and x+n,65-69 years,0.023,0.015,peru,0.019
nMx - age-specific death rate between ages x and x+n,70-74 years,0.036,0.024,peru,0.03
nMx - age-specific death rate between ages x and x+n,75-79 years,0.055,0.038,peru,0.0465
nMx - age-specific death rate between ages x and x+n,80-84 years,0.092,0.071,peru,0.0815
nMx - age-specific death rate between ages x and x+n,85+ years,0.168,0.148,peru,0.158
nMx - age-specific death rate between ages x and x+n,<1 year,0.02,0.016,ecuador,0.018
nMx - age-specific death rate between ages x and x+n,01-04 years,0.001,0.001,ecuador,0.001
nMx - age-specific death rate between ages x and x+n,05-09 years,0,0,ecuador,0
nMx - age-specific death rate between ages x and x+n,10-14 years,0.001,0,ecuador,0.0005
nMx - age-specific death rate between ages x and x+n,15-19  years,0.001,0.001,ecuador,0.001
nMx - age-specific death rate between ages x and x+n,20-24 years,0.002,0.001,ecuador,0.0015
nMx - age-specific death rate between ages x and x+n,25-29 years,0.002,0.001,ecuador,0.0015
nMx - age-specific death rate between ages x and x+n,30-34 years,0.003,0.001,ecuador,0.002
nMx - age-specific death rate between ages x and x+n,35-39 years,0.002,0.001,ecuador,0.0015
nMx - age-specific death rate between ages x and x+n,40-44 years,0.003,0.002,ecuador,0.0025
nMx - age-specific death rate between ages x and x+n,45-49 years,0.004,0.003,ecuador,0.0035
nMx - age-specific death rate between ages x and x+n,50-54 years,0.005,0.004,ecuador,0.0045
nMx - age-specific death rate between ages x and x+n,55-59 years,0.008,0.005,ecuador,0.0065
nMx - age-specific death rate between ages x and x+n,60-64 years,0.012,0.009,ecuador,0.0105
nMx - age-specific death rate between ages x and x+n,65-69 years,0.02,0.014,ecuador,0.017
nMx - age-specific death rate between ages x and x+n,70-74 years,0.026,0.019,ecuador,0.0225
nMx - age-specific death rate between ages x and x+n,75-79 years,0.043,0.031,ecuador,0.037
nMx - age-specific death rate between ages x and x+n,80-84 years,0.08,0.06,ecuador,0.07
nMx - age-specific death rate between ages x and x+n,85+ years,0.174,0.155,ecuador,0.1645
nMx - age-specific death rate between ages x and x+n,<1 year,0.005,0.005,antiguaandbarbuda,0.005
nMx - age-specific death rate between ages x and x+n,01-04 years,0.001,0.001,antiguaandbarbuda,0.001
nMx - age-specific death rate between ages x and x+n,05-09 years,0,0,antiguaandbarbuda,0
nMx - age-specific death rate between ages x and x+n,10-14 years,0,0,antiguaandbarbuda,0
nMx - age-specific death rate between ages x and x+n,15-19  years,0.001,0.001,antiguaandbarbuda,0.001
nMx - age-specific death rate between ages x and x+n,20-24 years,0.001,0,antiguaandbarbuda,0.0005
nMx - age-specific death rate between ages x and x+n,25-29 years,0.001,0.001,antiguaandbarbuda,0.001
nMx - age-specific death rate between ages x and x+n,30-34 years,0.002,0.002,antiguaandbarbuda,0.002
nMx - age-specific death rate between ages x and x+n,35-39 years,0.003,0.002,antiguaandbarbuda,0.0025
nMx - age-specific death rate between ages x and x+n,40-44 years,0.002,0.001,antiguaandbarbuda,0.0015
nMx - age-specific death rate between ages x and x+n,45-49 years,0.003,0.003,antiguaandbarbuda,0.003
nMx - age-specific death rate between ages x and x+n,50-54 years,0.005,0.004,antiguaandbarbuda,0.0045
nMx - age-specific death rate between ages x and x+n,55-59 years,0.011,0.008,antiguaandbarbuda,0.0095
nMx - age-specific death rate between ages x and x+n,60-64 years,0.024,0.017,antiguaandbarbuda,0.0205
nMx - age-specific death rate between ages x and x+n,65-69 years,0.038,0.021,antiguaandbarbuda,0.0295
nMx - age-specific death rate between ages x and x+n,70-74 years,0.032,0.021,antiguaandbarbuda,0.0265
nMx - age-specific death rate between ages x and x+n,75-79 years,0.068,0.041,antiguaandbarbuda,0.0545
nMx - age-specific death rate between ages x and x+n,80-84 years,0.115,0.071,antiguaandbarbuda,0.093
nMx - age-specific death rate between ages x and x+n,85+ years,0.228,0.164,antiguaandbarbuda,0.196
nMx - age-specific death rate between ages x and x+n,<1 year,0.009,0.009,bahamas,0.009
nMx - age-specific death rate between ages x and x+n,01-04 years,0.001,0,bahamas,0.0005
nMx - age-specific death rate between ages x and x+n,05-09 years,0,0,bahamas,0
nMx - age-specific death rate between ages x and x+n,10-14 years,0,0,bahamas,0
nMx - age-specific death rate between ages x and x+n,15-19  years,0.001,0,bahamas,0.0005
nMx - age-specific death rate between ages x and x+n,20-24 years,0.002,0.001,bahamas,0.0015
nMx - age-specific death rate between ages x and x+n,25-29 years,0.002,0.001,bahamas,0.0015
nMx - age-specific death rate between ages x and x+n,30-34 years,0.003,0.002,bahamas,0.0025
nMx - age-specific death rate between ages x and x+n,35-39 years,0.004,0.003,bahamas,0.0035
nMx - age-specific death rate between ages x and x+n,40-44 years,0.005,0.003,bahamas,0.004
nMx - age-specific death rate between ages x and x+n,45-49 years,0.006,0.004,bahamas,0.005
nMx - age-specific death rate between ages x and x+n,50-54 years,0.009,0.005,bahamas,0.007
nMx - age-specific death rate between ages x and x+n,55-59 years,0.011,0.007,bahamas,0.009
nMx - age-specific death rate between ages x and x+n,60-64 years,0.015,0.008,bahamas,0.0115
nMx - age-specific death rate between ages x and x+n,65-69 years,0.021,0.014,bahamas,0.0175
nMx - age-specific death rate between ages x and x+n,70-74 years,0.032,0.022,bahamas,0.027
nMx - age-specific death rate between ages x and x+n,75-79 years,0.046,0.033,bahamas,0.0395
nMx - age-specific death rate between ages x and x+n,80-84 years,0.082,0.057,bahamas,0.0695
nMx - age-specific death rate between ages x and x+n,85+ years,0.177,0.141,bahamas,0.159
nMx - age-specific death rate between ages x and x+n,<1 year,0.013,0.011,barbados,0.012
nMx - age-specific death rate between ages x and x+n,01-04 years,0,0,barbados,0
nMx - age-specific death rate between ages x and x+n,05-09 years,0,0,barbados,0
nMx - age-specific death rate between ages x and x+n,10-14 years,0,0,barbados,0
nMx - age-specific death rate between ages x and x+n,15-19  years,0.001,0,barbados,0.0005
nMx - age-specific death rate between ages x and x+n,20-24 years,0.001,0,barbados,0.0005
nMx - age-specific death rate between ages x and x+n,25-29 years,0.001,0.001,barbados,0.001
nMx - age-specific death rate between ages x and x+n,30-34 years,0.001,0.001,barbados,0.001
nMx - age-specific death rate between ages x and x+n,35-39 years,0.002,0.001,barbados,0.0015
nMx - age-specific death rate between ages x and x+n,40-44 years,0.002,0.001,barbados,0.0015
nMx - age-specific death rate between ages x and x+n,45-49 years,0.004,0.002,barbados,0.003
nMx - age-specific death rate between ages x and x+n,50-54 years,0.006,0.003,barbados,0.0045
nMx - age-specific death rate between ages x and x+n,55-59 years,0.01,0.005,barbados,0.0075
nMx - age-specific death rate between ages x and x+n,60-64 years,0.017,0.009,barbados,0.013
nMx - age-specific death rate between ages x and x+n,65-69 years,0.028,0.016,barbados,0.022
nMx - age-specific death rate between ages x and x+n,70-74 years,0.046,0.028,barbados,0.037
nMx - age-specific death rate between ages x and x+n,75-79 years,0.075,0.051,barbados,0.063
nMx - age-specific death rate between ages x and x+n,80-84 years,0.125,0.091,barbados,0.108
nMx - age-specific death rate between ages x and x+n,85+ years,0.234,0.19,barbados,0.212
nMx - age-specific death rate between ages x and x+n,<1 year,0.014,0.011,belize,0.0125
nMx - age-specific death rate between ages x and x+n,01-04 years,0.001,0.001,belize,0.001
nMx - age-specific death rate between ages x and x+n,05-09 years,0,0,belize,0
nMx - age-specific death rate between ages x and x+n,10-14 years,0,0,belize,0
nMx - age-specific death rate between ages x and x+n,15-19  years,0.002,0.001,belize,0.0015
nMx - age-specific death rate between ages x and x+n,20-24 years,0.002,0.001,belize,0.0015
nMx - age-specific death rate between ages x and x+n,25-29 years,0.002,0.001,belize,0.0015
nMx - age-specific death rate between ages x and x+n,30-34 years,0.003,0.001,belize,0.002
nMx - age-specific death rate between ages x and x+n,35-39 years,0.003,0.002,belize,0.0025
nMx - age-specific death rate between ages x and x+n,40-44 years,0.005,0.003,belize,0.004
nMx - age-specific death rate between ages x and x+n,45-49 years,0.007,0.004,belize,0.0055
nMx - age-specific death rate between ages x and x+n,50-54 years,0.011,0.006,belize,0.0085
nMx - age-specific death rate between ages x and x+n,55-59 years,0.016,0.009,belize,0.0125
nMx - age-specific death rate between ages x and x+n,60-64 years,0.025,0.015,belize,0.02
nMx - age-specific death rate between ages x and x+n,65-69 years,0.039,0.025,belize,0.032
nMx - age-specific death rate between ages x and x+n,70-74 years,0.061,0.042,belize,0.0515
nMx - age-specific death rate between ages x and x+n,75-79 years,0.095,0.072,belize,0.0835
nMx - age-specific death rate between ages x and x+n,80-84 years,0.15,0.123,belize,0.1365
nMx - age-specific death rate between ages x and x+n,85+ years,0.259,0.228,belize,0.2435
nMx - age-specific death rate between ages x and x+n,<1 year,0.004,0.004,cuba,0.004
nMx - age-specific death rate between ages x and x+n,01-04 years,0,0,cuba,0
nMx - age-specific death rate between ages x and x+n,05-09 years,0,0,cuba,0
nMx - age-specific death rate between ages x and x+n,10-14 years,0,0,cuba,0
nMx - age-specific death rate between ages x and x+n,15-19  years,0,0,cuba,0
nMx - age-specific death rate between ages x and x+n,20-24 years,0.001,0,cuba,0.0005
nMx - age-specific death rate between ages x and x+n,25-29 years,0.001,0,cuba,0.0005
nMx - age-specific death rate between ages x and x+n,30-34 years,0.001,0.001,cuba,0.001
nMx - age-specific death rate between ages x and x+n,35-39 years,0.002,0.001,cuba,0.0015
nMx - age-specific death rate between ages x and x+n,40-44 years,0.002,0.001,cuba,0.0015
nMx - age-specific death rate between ages x and x+n,45-49 years,0.003,0.002,cuba,0.0025
nMx - age-specific death rate between ages x and x+n,50-54 years,0.005,0.003,cuba,0.004
nMx - age-specific death rate between ages x and x+n,55-59 years,0.009,0.005,cuba,0.007
nMx - age-specific death rate between ages x and x+n,60-64 years,0.014,0.009,cuba,0.0115
nMx - age-specific death rate between ages x and x+n,65-69 years,0.023,0.016,cuba,0.0195
nMx - age-specific death rate between ages x and x+n,70-74 years,0.034,0.023,cuba,0.0285
nMx - age-specific death rate between ages x and x+n,75-79 years,0.045,0.034,cuba,0.0395
nMx - age-specific death rate between ages x and x+n,80-84 years,0.074,0.054,cuba,0.064
nMx - age-specific death rate between ages x and x+n,85+ years,0.151,0.127,cuba,0.139
nMx - age-specific death rate between ages x and x+n,<1 year,0.028,0.024,dominicanrepublic,0.026
nMx - age-specific death rate between ages x and x+n,01-04 years,0.001,0.001,dominicanrepublic,0.001
nMx - age-specific death rate between ages x and x+n,05-09 years,0,0,dominicanrepublic,0
nMx - age-specific death rate between ages x and x+n,10-14 years,0,0,dominicanrepublic,0
nMx - age-specific death rate between ages x and x+n,15-19  years,0.001,0.001,dominicanrepublic,0.001
nMx - age-specific death rate between ages x and x+n,20-24 years,0.002,0.001,dominicanrepublic,0.0015
nMx - age-specific death rate between ages x and x+n,25-29 years,0.003,0.001,dominicanrepublic,0.002
nMx - age-specific death rate between ages x and x+n,30-34 years,0.004,0.002,dominicanrepublic,0.003
nMx - age-specific death rate between ages x and x+n,35-39 years,0.004,0.002,dominicanrepublic,0.003
nMx - age-specific death rate between ages x and x+n,40-44 years,0.005,0.003,dominicanrepublic,0.004
nMx - age-specific death rate between ages x and x+n,45-49 years,0.006,0.004,dominicanrepublic,0.005
nMx - age-specific death rate between ages x and x+n,50-54 years,0.008,0.005,dominicanrepublic,0.0065
nMx - age-specific death rate between ages x and x+n,55-59 years,0.012,0.007,dominicanrepublic,0.0095
nMx - age-specific death rate between ages x and x+n,60-64 years,0.017,0.011,dominicanrepublic,0.014
nMx - age-specific death rate between ages x and x+n,65-69 years,0.025,0.017,dominicanrepublic,0.021
nMx - age-specific death rate between ages x and x+n,70-74 years,0.036,0.027,dominicanrepublic,0.0315
nMx - age-specific death rate between ages x and x+n,75-79 years,0.055,0.041,dominicanrepublic,0.048
nMx - age-specific death rate between ages x and x+n,80-84 years,0.076,0.061,dominicanrepublic,0.0685
nMx - age-specific death rate between ages x and x+n,85+ years,0.132,0.119,dominicanrepublic,0.1255
nMx - age-specific death rate between ages x and x+n,<1 year,0.016,0.014,granada,0.015
nMx - age-specific death rate between ages x and x+n,01-04 years,0,0,granada,0
nMx - age-specific death rate between ages x and x+n,05-09 years,0,0,granada,0
nMx - age-specific death rate between ages x and x+n,10-14 years,0,0,granada,0
nMx - age-specific death rate between ages x and x+n,15-19  years,0,0,granada,0
nMx - age-specific death rate between ages x and x+n,20-24 years,0.001,0,granada,0.0005
nMx - age-specific death rate between ages x and x+n,25-29 years,0.001,0.001,granada,0.001
nMx - age-specific death rate between ages x and x+n,30-34 years,0.002,0.001,granada,0.0015
nMx - age-specific death rate between ages x and x+n,35-39 years,0.003,0.001,granada,0.002
nMx - age-specific death rate between ages x and x+n,40-44 years,0.004,0.002,granada,0.003
nMx - age-specific death rate between ages x and x+n,45-49 years,0.006,0.003,granada,0.0045
nMx - age-specific death rate between ages x and x+n,50-54 years,0.009,0.004,granada,0.0065
nMx - age-specific death rate between ages x and x+n,55-59 years,0.014,0.007,granada,0.0105
nMx - age-specific death rate between ages x and x+n,60-64 years,0.021,0.012,granada,0.0165
nMx - age-specific death rate between ages x and x+n,65-69 years,0.031,0.021,granada,0.026
nMx - age-specific death rate between ages x and x+n,70-74 years,0.047,0.035,granada,0.041
nMx - age-specific death rate between ages x and x+n,75-79 years,0.073,0.059,granada,0.066
nMx - age-specific death rate between ages x and x+n,80-84 years,0.112,0.095,granada,0.1035
nMx - age-specific death rate between ages x and x+n,85+ years,0.199,0.186,granada,0.1925
nMx - age-specific death rate between ages x and x+n,<1 year,0.03,0.024,guyana,0.027
nMx - age-specific death rate between ages x and x+n,01-04 years,0.002,0.001,guyana,0.0015
nMx - age-specific death rate between ages x and x+n,05-09 years,0.001,0.001,guyana,0.001
nMx - age-specific death rate between ages x and x+n,10-14 years,0.001,0,guyana,0.0005
nMx - age-specific death rate between ages x and x+n,15-19  years,0.001,0.001,guyana,0.001
nMx - age-specific death rate between ages x and x+n,20-24 years,0.004,0.001,guyana,0.0025
nMx - age-specific death rate between ages x and x+n,25-29 years,0.003,0.002,guyana,0.0025
nMx - age-specific death rate between ages x and x+n,30-34 years,0.004,0.003,guyana,0.0035
nMx - age-specific death rate between ages x and x+n,35-39 years,0.006,0.003,guyana,0.0045
nMx - age-specific death rate between ages x and x+n,40-44 years,0.008,0.005,guyana,0.0065
nMx - age-specific death rate between ages x and x+n,45-49 years,0.012,0.007,guyana,0.0095
nMx - age-specific death rate between ages x and x+n,50-54 years,0.014,0.011,guyana,0.0125
nMx - age-specific death rate between ages x and x+n,55-59 years,0.023,0.014,guyana,0.0185
nMx - age-specific death rate between ages x and x+n,60-64 years,0.027,0.016,guyana,0.0215
nMx - age-specific death rate between ages x and x+n,65-69 years,0.045,0.036,guyana,0.0405
nMx - age-specific death rate between ages x and x+n,70-74 years,0.055,0.033,guyana,0.044
nMx - age-specific death rate between ages x and x+n,75-79 years,0.084,0.068,guyana,0.076
nMx - age-specific death rate between ages x and x+n,80-84 years,0.144,0.159,guyana,0.1515
nMx - age-specific death rate between ages x and x+n,85+ years,0.249,0.276,guyana,0.2625
nMx - age-specific death rate between ages x and x+n,<1 year,0.058,0.049,haiti,0.0535
nMx - age-specific death rate between ages x and x+n,01-04 years,0.004,0.004,haiti,0.004
nMx - age-specific death rate between ages x and x+n,05-09 years,0.003,0.002,haiti,0.0025
nMx - age-specific death rate between ages x and x+n,10-14 years,0.002,0.001,haiti,0.0015
nMx - age-specific death rate between ages x and x+n,15-19  years,0.003,0.002,haiti,0.0025
nMx - age-specific death rate between ages x and x+n,20-24 years,0.004,0.002,haiti,0.003
nMx - age-specific death rate between ages x and x+n,25-29 years,0.004,0.003,haiti,0.0035
nMx - age-specific death rate between ages x and x+n,30-34 years,0.005,0.004,haiti,0.0045
nMx - age-specific death rate between ages x and x+n,35-39 years,0.006,0.005,haiti,0.0055
nMx - age-specific death rate between ages x and x+n,40-44 years,0.007,0.006,haiti,0.0065
nMx - age-specific death rate between ages x and x+n,45-49 years,0.009,0.007,haiti,0.008
nMx - age-specific death rate between ages x and x+n,50-54 years,0.012,0.009,haiti,0.0105
nMx - age-specific death rate between ages x and x+n,55-59 years,0.015,0.011,haiti,0.013
nMx - age-specific death rate between ages x and x+n,60-64 years,0.024,0.018,haiti,0.021
nMx - age-specific death rate between ages x and x+n,65-69 years,0.036,0.027,haiti,0.0315
nMx - age-specific death rate between ages x and x+n,70-74 years,0.055,0.044,haiti,0.0495
nMx - age-specific death rate between ages x and x+n,75-79 years,0.084,0.072,haiti,0.078
nMx - age-specific death rate between ages x and x+n,80-84 years,0.125,0.106,haiti,0.1155
nMx - age-specific death rate between ages x and x+n,85+ years,0.204,0.18,haiti,0.192
nMx - age-specific death rate between ages x and x+n,<1 year,0.017,0.014,jamaica,0.0155
nMx - age-specific death rate between ages x and x+n,01-04 years,0.001,0.001,jamaica,0.001
nMx - age-specific death rate between ages x and x+n,05-09 years,0,0,jamaica,0
nMx - age-specific death rate between ages x and x+n,10-14 years,0,0,jamaica,0
nMx - age-specific death rate between ages x and x+n,15-19  years,0.001,0.001,jamaica,0.001
nMx - age-specific death rate between ages x and x+n,20-24 years,0.002,0.001,jamaica,0.0015
nMx - age-specific death rate between ages x and x+n,25-29 years,0.002,0.001,jamaica,0.0015
nMx - age-specific death rate between ages x and x+n,30-34 years,0.003,0.001,jamaica,0.002
nMx - age-specific death rate between ages x and x+n,35-39 years,0.004,0.002,jamaica,0.003
nMx - age-specific death rate between ages x and x+n,40-44 years,0.004,0.002,jamaica,0.003
nMx - age-specific death rate between ages x and x+n,45-49 years,0.005,0.003,jamaica,0.004
nMx - age-specific death rate between ages x and x+n,50-54 years,0.007,0.004,jamaica,0.0055
nMx - age-specific death rate between ages x and x+n,55-59 years,0.008,0.005,jamaica,0.0065
nMx - age-specific death rate between ages x and x+n,60-64 years,0.012,0.008,jamaica,0.01
nMx - age-specific death rate between ages x and x+n,65-69 years,0.019,0.014,jamaica,0.0165
nMx - age-specific death rate between ages x and x+n,70-74 years,0.031,0.023,jamaica,0.027
nMx - age-specific death rate between ages x and x+n,75-79 years,0.051,0.039,jamaica,0.045
nMx - age-specific death rate between ages x and x+n,80-84 years,0.08,0.062,jamaica,0.071
nMx - age-specific death rate between ages x and x+n,85+ years,0.164,0.142,jamaica,0.153
nMx - age-specific death rate between ages x and x+n,<1 year,0.012,0.01,stLucia,0.011
nMx - age-specific death rate between ages x and x+n,01-04 years,0,0,stLucia,0
nMx - age-specific death rate between ages x and x+n,05-09 years,0,0,stLucia,0
nMx - age-specific death rate between ages x and x+n,10-14 years,0,0,stLucia,0
nMx - age-specific death rate between ages x and x+n,15-19  years,0.001,0.001,stLucia,0.001
nMx - age-specific death rate between ages x and x+n,20-24 years,0.001,0,stLucia,0.0005
nMx - age-specific death rate between ages x and x+n,25-29 years,0.003,0.001,stLucia,0.002
nMx - age-specific death rate between ages x and x+n,30-34 years,0.003,0.001,stLucia,0.002
nMx - age-specific death rate between ages x and x+n,35-39 years,0.002,0.001,stLucia,0.0015
nMx - age-specific death rate between ages x and x+n,40-44 years,0.004,0.004,stLucia,0.004
nMx - age-specific death rate between ages x and x+n,45-49 years,0.007,0.004,stLucia,0.0055
nMx - age-specific death rate between ages x and x+n,50-54 years,0.009,0.006,stLucia,0.0075
nMx - age-specific death rate between ages x and x+n,55-59 years,0.01,0.007,stLucia,0.0085
nMx - age-specific death rate between ages x and x+n,60-64 years,0.015,0.01,stLucia,0.0125
nMx - age-specific death rate between ages x and x+n,65-69 years,0.025,0.017,stLucia,0.021
nMx - age-specific death rate between ages x and x+n,70-74 years,0.035,0.019,stLucia,0.027
nMx - age-specific death rate between ages x and x+n,75-79 years,0.052,0.036,stLucia,0.044
nMx - age-specific death rate between ages x and x+n,80-84 years,0.085,0.067,stLucia,0.076
nMx - age-specific death rate between ages x and x+n,85+ years,0.158,0.136,stLucia,0.147
nMx - age-specific death rate between ages x and x+n,<1 year,0.018,0.015,StVinGren,0.0165
nMx - age-specific death rate between ages x and x+n,01-04 years,0.001,0,StVinGren,0.0005
nMx - age-specific death rate between ages x and x+n,05-09 years,0,0,StVinGren,0
nMx - age-specific death rate between ages x and x+n,10-14 years,0.001,0.001,StVinGren,0.001
nMx - age-specific death rate between ages x and x+n,15-19  years,0.001,0.001,StVinGren,0.001
nMx - age-specific death rate between ages x and x+n,20-24 years,0.002,0,StVinGren,0.001
nMx - age-specific death rate between ages x and x+n,25-29 years,0.002,0.001,StVinGren,0.0015
nMx - age-specific death rate between ages x and x+n,30-34 years,0.002,0.002,StVinGren,0.002
nMx - age-specific death rate between ages x and x+n,35-39 years,0.004,0.003,StVinGren,0.0035
nMx - age-specific death rate between ages x and x+n,40-44 years,0.004,0.003,StVinGren,0.0035
nMx - age-specific death rate between ages x and x+n,45-49 years,0.008,0.005,StVinGren,0.0065
nMx - age-specific death rate between ages x and x+n,50-54 years,0.009,0.006,StVinGren,0.0075
nMx - age-specific death rate between ages x and x+n,55-59 years,0.014,0.006,StVinGren,0.01
nMx - age-specific death rate between ages x and x+n,60-64 years,0.015,0.011,StVinGren,0.013
nMx - age-specific death rate between ages x and x+n,65-69 years,0.038,0.022,StVinGren,0.03
nMx - age-specific death rate between ages x and x+n,70-74 years,0.047,0.033,StVinGren,0.04
nMx - age-specific death rate between ages x and x+n,75-79 years,0.063,0.044,StVinGren,0.0535
nMx - age-specific death rate between ages x and x+n,80-84 years,0.148,0.097,StVinGren,0.1225
nMx - age-specific death rate between ages x and x+n,85+ years,0.239,0.183,StVinGren,0.211
nMx - age-specific death rate between ages x and x+n,<1 year,0.019,0.016,suriname,0.0175
nMx - age-specific death rate between ages x and x+n,01-04 years,0.001,0.001,suriname,0.001
nMx - age-specific death rate between ages x and x+n,05-09 years,0,0,suriname,0
nMx - age-specific death rate between ages x and x+n,10-14 years,0,0,suriname,0
nMx - age-specific death rate between ages x and x+n,15-19  years,0.001,0.001,suriname,0.001
nMx - age-specific death rate between ages x and x+n,20-24 years,0.001,0.001,suriname,0.001
nMx - age-specific death rate between ages x and x+n,25-29 years,0.002,0.001,suriname,0.0015
nMx - age-specific death rate between ages x and x+n,30-34 years,0.003,0.002,suriname,0.0025
nMx - age-specific death rate between ages x and x+n,35-39 years,0.003,0.002,suriname,0.0025
nMx - age-specific death rate between ages x and x+n,40-44 years,0.005,0.003,suriname,0.004
nMx - age-specific death rate between ages x and x+n,45-49 years,0.006,0.004,suriname,0.005
nMx - age-specific death rate between ages x and x+n,50-54 years,0.01,0.005,suriname,0.0075
nMx - age-specific death rate between ages x and x+n,55-59 years,0.018,0.011,suriname,0.0145
nMx - age-specific death rate between ages x and x+n,60-64 years,0.022,0.011,suriname,0.0165
nMx - age-specific death rate between ages x and x+n,65-69 years,0.035,0.018,suriname,0.0265
nMx - age-specific death rate between ages x and x+n,70-74 years,0.049,0.03,suriname,0.0395
nMx - age-specific death rate between ages x and x+n,75-79 years,0.084,0.049,suriname,0.0665
nMx - age-specific death rate between ages x and x+n,80-84 years,0.123,0.09,suriname,0.1065
nMx - age-specific death rate between ages x and x+n,85+ years,0.205,0.173,suriname,0.189
nMx - age-specific death rate between ages x and x+n,<1 year,0.018,0.015,TrinTob,0.0165
nMx - age-specific death rate between ages x and x+n,01-04 years,0.001,0.001,TrinTob,0.001
nMx - age-specific death rate between ages x and x+n,05-09 years,0,0,TrinTob,0
nMx - age-specific death rate between ages x and x+n,10-14 years,0,0,TrinTob,0
nMx - age-specific death rate between ages x and x+n,15-19  years,0.003,0.001,TrinTob,0.002
nMx - age-specific death rate between ages x and x+n,20-24 years,0.005,0.001,TrinTob,0.003
nMx - age-specific death rate between ages x and x+n,25-29 years,0.004,0.001,TrinTob,0.0025
nMx - age-specific death rate between ages x and x+n,30-34 years,0.004,0.002,TrinTob,0.003
nMx - age-specific death rate between ages x and x+n,35-39 years,0.004,0.002,TrinTob,0.003
nMx - age-specific death rate between ages x and x+n,40-44 years,0.005,0.003,TrinTob,0.004
nMx - age-specific death rate between ages x and x+n,45-49 years,0.006,0.004,TrinTob,0.005
nMx - age-specific death rate between ages x and x+n,50-54 years,0.009,0.006,TrinTob,0.0075
nMx - age-specific death rate between ages x and x+n,55-59 years,0.011,0.007,TrinTob,0.009
nMx - age-specific death rate between ages x and x+n,60-64 years,0.02,0.012,TrinTob,0.016
nMx - age-specific death rate between ages x and x+n,65-69 years,0.027,0.018,TrinTob,0.0225
nMx - age-specific death rate between ages x and x+n,70-74 years,0.04,0.028,TrinTob,0.034
nMx - age-specific death rate between ages x and x+n,75-79 years,0.077,0.046,TrinTob,0.0615
nMx - age-specific death rate between ages x and x+n,80-84 years,0.144,0.095,TrinTob,0.1195
nMx - age-specific death rate between ages x and x+n,85+ years,0.23,0.18,TrinTob,0.205
nMx - age-specific death rate between ages x and x+n,<1 year,0.014,0.012,colombia,0.013
nMx - age-specific death rate between ages x and x+n,01-04 years,0.001,0.001,colombia,0.001
nMx - age-specific death rate between ages x and x+n,05-09 years,0,0,colombia,0
nMx - age-specific death rate between ages x and x+n,10-14 years,0.001,0,colombia,0.0005
nMx - age-specific death rate between ages x and x+n,15-19  years,0.003,0.001,colombia,0.002
nMx - age-specific death rate between ages x and x+n,20-24 years,0.004,0.001,colombia,0.0025
nMx - age-specific death rate between ages x and x+n,25-29 years,0.003,0.001,colombia,0.002
nMx - age-specific death rate between ages x and x+n,30-34 years,0.003,0.001,colombia,0.002
nMx - age-specific death rate between ages x and x+n,35-39 years,0.003,0.001,colombia,0.002
nMx - age-specific death rate between ages x and x+n,40-44 years,0.004,0.002,colombia,0.003
nMx - age-specific death rate between ages x and x+n,45-49 years,0.004,0.002,colombia,0.003
nMx - age-specific death rate between ages x and x+n,50-54 years,0.006,0.004,colombia,0.005
nMx - age-specific death rate between ages x and x+n,55-59 years,0.01,0.006,colombia,0.008
nMx - age-specific death rate between ages x and x+n,60-64 years,0.014,0.009,colombia,0.0115
nMx - age-specific death rate between ages x and x+n,65-69 years,0.023,0.014,colombia,0.0185
nMx - age-specific death rate between ages x and x+n,70-74 years,0.04,0.025,colombia,0.0325
nMx - age-specific death rate between ages x and x+n,75-79 years,0.058,0.039,colombia,0.0485
nMx - age-specific death rate between ages x and x+n,80-84 years,0.087,0.063,colombia,0.075
nMx - age-specific death rate between ages x and x+n,85+ years,0.168,0.139,colombia,0.1535
nMx - age-specific death rate between ages x and x+n,<1 year,0.008,0.007,CostaRica,0.0075
nMx - age-specific death rate between ages x and x+n,01-04 years,0,0,CostaRica,0
nMx - age-specific death rate between ages x and x+n,05-09 years,0,0,CostaRica,0
nMx - age-specific death rate between ages x and x+n,10-14 years,0,0,CostaRica,0
nMx - age-specific death rate between ages x and x+n,15-19  years,0.001,0,CostaRica,0.0005
nMx - age-specific death rate between ages x and x+n,20-24 years,0.001,0,CostaRica,0.0005
nMx - age-specific death rate between ages x and x+n,25-29 years,0.002,0.001,CostaRica,0.0015
nMx - age-specific death rate between ages x and x+n,30-34 years,0.002,0.001,CostaRica,0.0015
nMx - age-specific death rate between ages x and x+n,35-39 years,0.002,0.001,CostaRica,0.0015
nMx - age-specific death rate between ages x and x+n,40-44 years,0.003,0.001,CostaRica,0.002
nMx - age-specific death rate between ages x and x+n,45-49 years,0.003,0.002,CostaRica,0.0025
nMx - age-specific death rate between ages x and x+n,50-54 years,0.005,0.003,CostaRica,0.004
nMx - age-specific death rate between ages x and x+n,55-59 years,0.008,0.005,CostaRica,0.0065
nMx - age-specific death rate between ages x and x+n,60-64 years,0.012,0.007,CostaRica,0.0095
nMx - age-specific death rate between ages x and x+n,65-69 years,0.014,0.009,CostaRica,0.0115
nMx - age-specific death rate between ages x and x+n,70-74 years,0.024,0.016,CostaRica,0.02
nMx - age-specific death rate between ages x and x+n,75-79 years,0.039,0.027,CostaRica,0.033
nMx - age-specific death rate between ages x and x+n,80-84 years,0.073,0.054,CostaRica,0.0635
nMx - age-specific death rate between ages x and x+n,85+ years,0.155,0.135,CostaRica,0.145
nMx - age-specific death rate between ages x and x+n,<1 year,0.014,0.012,elSalvador,0.013
nMx - age-specific death rate between ages x and x+n,01-04 years,0.001,0.001,elSalvador,0.001
nMx - age-specific death rate between ages x and x+n,05-09 years,0,0,elSalvador,0
nMx - age-specific death rate between ages x and x+n,10-14 years,0.001,0,elSalvador,0.0005
nMx - age-specific death rate between ages x and x+n,15-19  years,0.002,0.001,elSalvador,0.0015
nMx - age-specific death rate between ages x and x+n,20-24 years,0.004,0.001,elSalvador,0.0025
nMx - age-specific death rate between ages x and x+n,25-29 years,0.005,0.001,elSalvador,0.003
nMx - age-specific death rate between ages x and x+n,30-34 years,0.006,0.001,elSalvador,0.0035
nMx - age-specific death rate between ages x and x+n,35-39 years,0.006,0.002,elSalvador,0.004
nMx - age-specific death rate between ages x and x+n,40-44 years,0.006,0.002,elSalvador,0.004
nMx - age-specific death rate between ages x and x+n,45-49 years,0.008,0.003,elSalvador,0.0055
nMx - age-specific death rate between ages x and x+n,50-54 years,0.01,0.005,elSalvador,0.0075
nMx - age-specific death rate between ages x and x+n,55-59 years,0.013,0.006,elSalvador,0.0095
nMx - age-specific death rate between ages x and x+n,60-64 years,0.017,0.01,elSalvador,0.0135
nMx - age-specific death rate between ages x and x+n,65-69 years,0.023,0.015,elSalvador,0.019
nMx - age-specific death rate between ages x and x+n,70-74 years,0.032,0.023,elSalvador,0.0275
nMx - age-specific death rate between ages x and x+n,75-79 years,0.049,0.038,elSalvador,0.0435
nMx - age-specific death rate between ages x and x+n,80-84 years,0.083,0.068,elSalvador,0.0755
nMx - age-specific death rate between ages x and x+n,85+ years,0.177,0.155,elSalvador,0.166
nMx - age-specific death rate between ages x and x+n,<1 year,0.026,0.021,guatemala,0.0235
nMx - age-specific death rate between ages x and x+n,01-04 years,0.001,0.001,guatemala,0.001
nMx - age-specific death rate between ages x and x+n,05-09 years,0,0,guatemala,0
nMx - age-specific death rate between ages x and x+n,10-14 years,0,0,guatemala,0
nMx - age-specific death rate between ages x and x+n,15-19  years,0.002,0.001,guatemala,0.0015
nMx - age-specific death rate between ages x and x+n,20-24 years,0.002,0.001,guatemala,0.0015
nMx - age-specific death rate between ages x and x+n,25-29 years,0.003,0.001,guatemala,0.002
nMx - age-specific death rate between ages x and x+n,30-34 years,0.003,0.001,guatemala,0.002
nMx - age-specific death rate between ages x and x+n,35-39 years,0.004,0.002,guatemala,0.003
nMx - age-specific death rate between ages x and x+n,40-44 years,0.005,0.002,guatemala,0.0035
nMx - age-specific death rate between ages x and x+n,45-49 years,0.007,0.003,guatemala,0.005
nMx - age-specific death rate between ages x and x+n,50-54 years,0.009,0.006,guatemala,0.0075
nMx - age-specific death rate between ages x and x+n,55-59 years,0.011,0.009,guatemala,0.01
nMx - age-specific death rate between ages x and x+n,60-64 years,0.016,0.013,guatemala,0.0145
nMx - age-specific death rate between ages x and x+n,65-69 years,0.025,0.019,guatemala,0.022
nMx - age-specific death rate between ages x and x+n,70-74 years,0.033,0.026,guatemala,0.0295
nMx - age-specific death rate between ages x and x+n,75-79 years,0.047,0.038,guatemala,0.0425
nMx - age-specific death rate between ages x and x+n,80-84 years,0.085,0.067,guatemala,0.076
nMx - age-specific death rate between ages x and x+n,85+ years,0.18,0.153,guatemala,0.1665
nMx - age-specific death rate between ages x and x+n,<1 year,0.018,0.015,honduras,0.0165
nMx - age-specific death rate between ages x and x+n,01-04 years,0.001,0.001,honduras,0.001
nMx - age-specific death rate between ages x and x+n,05-09 years,0,0,honduras,0
nMx - age-specific death rate between ages x and x+n,10-14 years,0.001,0,honduras,0.0005
nMx - age-specific death rate between ages x and x+n,15-19  years,0.001,0.001,honduras,0.001
nMx - age-specific death rate between ages x and x+n,20-24 years,0.002,0.001,honduras,0.0015
nMx - age-specific death rate between ages x and x+n,25-29 years,0.002,0.002,honduras,0.002
nMx - age-specific death rate between ages x and x+n,30-34 years,0.003,0.002,honduras,0.0025
nMx - age-specific death rate between ages x and x+n,35-39 years,0.004,0.002,honduras,0.003
nMx - age-specific death rate between ages x and x+n,40-44 years,0.004,0.003,honduras,0.0035
nMx - age-specific death rate between ages x and x+n,45-49 years,0.005,0.004,honduras,0.0045
nMx - age-specific death rate between ages x and x+n,50-54 years,0.007,0.005,honduras,0.006
nMx - age-specific death rate between ages x and x+n,55-59 years,0.009,0.006,honduras,0.0075
nMx - age-specific death rate between ages x and x+n,60-64 years,0.014,0.009,honduras,0.0115
nMx - age-specific death rate between ages x and x+n,65-69 years,0.021,0.014,honduras,0.0175
nMx - age-specific death rate between ages x and x+n,70-74 years,0.033,0.022,honduras,0.0275
nMx - age-specific death rate between ages x and x+n,75-79 years,0.051,0.036,honduras,0.0435
nMx - age-specific death rate between ages x and x+n,80-84 years,0.079,0.06,honduras,0.0695
nMx - age-specific death rate between ages x and x+n,85+ years,0.159,0.141,honduras,0.15
nMx - age-specific death rate between ages x and x+n,<1 year,0.013,0.012,mexico,0.0125
nMx - age-specific death rate between ages x and x+n,01-04 years,0.001,0,mexico,0.0005
nMx - age-specific death rate between ages x and x+n,05-09 years,0,0,mexico,0
nMx - age-specific death rate between ages x and x+n,10-14 years,0,0,mexico,0
nMx - age-specific death rate between ages x and x+n,15-19  years,0.001,0,mexico,0.0005
nMx - age-specific death rate between ages x and x+n,20-24 years,0.002,0.001,mexico,0.0015
nMx - age-specific death rate between ages x and x+n,25-29 years,0.002,0.001,mexico,0.0015
nMx - age-specific death rate between ages x and x+n,30-34 years,0.002,0.001,mexico,0.0015
nMx - age-specific death rate between ages x and x+n,35-39 years,0.003,0.001,mexico,0.002
nMx - age-specific death rate between ages x and x+n,40-44 years,0.003,0.001,mexico,0.002
nMx - age-specific death rate between ages x and x+n,45-49 years,0.005,0.003,mexico,0.004
nMx - age-specific death rate between ages x and x+n,50-54 years,0.008,0.004,mexico,0.006
nMx - age-specific death rate between ages x and x+n,55-59 years,0.011,0.007,mexico,0.009
nMx - age-specific death rate between ages x and x+n,60-64 years,0.014,0.01,mexico,0.012
nMx - age-specific death rate between ages x and x+n,65-69 years,0.023,0.017,mexico,0.02
nMx - age-specific death rate between ages x and x+n,70-74 years,0.031,0.024,mexico,0.0275
nMx - age-specific death rate between ages x and x+n,75-79 years,0.052,0.042,mexico,0.047
nMx - age-specific death rate between ages x and x+n,80-84 years,0.075,0.056,mexico,0.0655
nMx - age-specific death rate between ages x and x+n,85+ years,0.153,0.129,mexico,0.141
nMx - age-specific death rate between ages x and x+n,<1 year,0.019,0.016,nicaragua,0.0175
nMx - age-specific death rate between ages x and x+n,01-04 years,0.001,0.001,nicaragua,0.001
nMx - age-specific death rate between ages x and x+n,05-09 years,0,0,nicaragua,0
nMx - age-specific death rate between ages x and x+n,10-14 years,0.001,0,nicaragua,0.0005
nMx - age-specific death rate between ages x and x+n,15-19  years,0.001,0.001,nicaragua,0.001
nMx - age-specific death rate between ages x and x+n,20-24 years,0.002,0.001,nicaragua,0.0015
nMx - age-specific death rate between ages x and x+n,25-29 years,0.003,0.001,nicaragua,0.002
nMx - age-specific death rate between ages x and x+n,30-34 years,0.003,0.001,nicaragua,0.002
nMx - age-specific death rate between ages x and x+n,35-39 years,0.004,0.002,nicaragua,0.003
nMx - age-specific death rate between ages x and x+n,40-44 years,0.005,0.002,nicaragua,0.0035
nMx - age-specific death rate between ages x and x+n,45-49 years,0.006,0.003,nicaragua,0.0045
nMx - age-specific death rate between ages x and x+n,50-54 years,0.008,0.005,nicaragua,0.0065
nMx - age-specific death rate between ages x and x+n,55-59 years,0.01,0.007,nicaragua,0.0085
nMx - age-specific death rate between ages x and x+n,60-64 years,0.014,0.011,nicaragua,0.0125
nMx - age-specific death rate between ages x and x+n,65-69 years,0.021,0.016,nicaragua,0.0185
nMx - age-specific death rate between ages x and x+n,70-74 years,0.03,0.023,nicaragua,0.0265
nMx - age-specific death rate between ages x and x+n,75-79 years,0.045,0.035,nicaragua,0.04
nMx - age-specific death rate between ages x and x+n,80-84 years,0.077,0.059,nicaragua,0.068
nMx - age-specific death rate between ages x and x+n,85+ years,0.149,0.126,nicaragua,0.1375
nMx - age-specific death rate between ages x and x+n,<1 year,0.015,0.013,panama,0.014
nMx - age-specific death rate between ages x and x+n,01-04 years,0.001,0.001,panama,0.001
nMx - age-specific death rate between ages x and x+n,05-09 years,0,0,panama,0
nMx - age-specific death rate between ages x and x+n,10-14 years,0,0,panama,0
nMx - age-specific death rate between ages x and x+n,15-19  years,0.002,0.001,panama,0.0015
nMx - age-specific death rate between ages x and x+n,20-24 years,0.002,0.001,panama,0.0015
nMx - age-specific death rate between ages x and x+n,25-29 years,0.002,0.001,panama,0.0015
nMx - age-specific death rate between ages x and x+n,30-34 years,0.002,0.001,panama,0.0015
nMx - age-specific death rate between ages x and x+n,35-39 years,0.002,0.001,panama,0.0015
nMx - age-specific death rate between ages x and x+n,40-44 years,0.003,0.001,panama,0.002
nMx - age-specific death rate between ages x and x+n,45-49 years,0.004,0.002,panama,0.003
nMx - age-specific death rate between ages x and x+n,50-54 years,0.005,0.003,panama,0.004
nMx - age-specific death rate between ages x and x+n,55-59 years,0.008,0.005,panama,0.0065
nMx - age-specific death rate between ages x and x+n,60-64 years,0.012,0.007,panama,0.0095
nMx - age-specific death rate between ages x and x+n,65-69 years,0.02,0.012,panama,0.016
nMx - age-specific death rate between ages x and x+n,70-74 years,0.028,0.016,panama,0.022
nMx - age-specific death rate between ages x and x+n,75-79 years,0.043,0.028,panama,0.0355
nMx - age-specific death rate between ages x and x+n,80-84 years,0.067,0.051,panama,0.059
nMx - age-specific death rate between ages x and x+n,85+ years,0.137,0.125,panama,0.131
nMx - age-specific death rate between ages x and x+n,<1 year,0.015,0.013,venezuela,0.014
nMx - age-specific death rate between ages x and x+n,01-04 years,0.001,0.001,venezuela,0.001
nMx - age-specific death rate between ages x and x+n,05-09 years,0,0,venezuela,0
nMx - age-specific death rate between ages x and x+n,10-14 years,0,0,venezuela,0
nMx - age-specific death rate between ages x and x+n,15-19  years,0.004,0.001,venezuela,0.0025
nMx - age-specific death rate between ages x and x+n,20-24 years,0.005,0.001,venezuela,0.003
nMx - age-specific death rate between ages x and x+n,25-29 years,0.004,0.001,venezuela,0.0025
nMx - age-specific death rate between ages x and x+n,30-34 years,0.004,0.001,venezuela,0.0025
nMx - age-specific death rate between ages x and x+n,35-39 years,0.004,0.001,venezuela,0.0025
nMx - age-specific death rate between ages x and x+n,40-44 years,0.004,0.002,venezuela,0.003
nMx - age-specific death rate between ages x and x+n,45-49 years,0.004,0.002,venezuela,0.003
nMx - age-specific death rate between ages x and x+n,50-54 years,0.007,0.004,venezuela,0.0055
nMx - age-specific death rate between ages x and x+n,55-59 years,0.012,0.007,venezuela,0.0095
nMx - age-specific death rate between ages x and x+n,60-64 years,0.019,0.011,venezuela,0.015
nMx - age-specific death rate between ages x and x+n,65-69 years,0.024,0.013,venezuela,0.0185
nMx - age-specific death rate between ages x and x+n,70-74 years,0.035,0.021,venezuela,0.028
nMx - age-specific death rate between ages x and x+n,75-79 years,0.054,0.035,venezuela,0.0445
nMx - age-specific death rate between ages x and x+n,80-84 years,0.109,0.071,venezuela,0.09
nMx - age-specific death rate between ages x and x+n,85+ years,0.191,0.131,venezuela,0.161
nMx - age-specific death rate between ages x and x+n,<1 year,0.019,0.016,paraguay,0.0175
nMx - age-specific death rate between ages x and x+n,01-04 years,0.001,0.001,paraguay,0.001
nMx - age-specific death rate between ages x and x+n,05-09 years,0,0,paraguay,0
nMx - age-specific death rate between ages x and x+n,10-14 years,0,0,paraguay,0
nMx - age-specific death rate between ages x and x+n,15-19  years,0.001,0.001,paraguay,0.001
nMx - age-specific death rate between ages x and x+n,20-24 years,0.002,0.001,paraguay,0.0015
nMx - age-specific death rate between ages x and x+n,25-29 years,0.003,0.001,paraguay,0.002
nMx - age-specific death rate between ages x and x+n,30-34 years,0.002,0.002,paraguay,0.002
nMx - age-specific death rate between ages x and x+n,35-39 years,0.003,0.002,paraguay,0.0025
nMx - age-specific death rate between ages x and x+n,40-44 years,0.003,0.003,paraguay,0.003
nMx - age-specific death rate between ages x and x+n,45-49 years,0.005,0.004,paraguay,0.0045
nMx - age-specific death rate between ages x and x+n,50-54 years,0.007,0.005,paraguay,0.006
nMx - age-specific death rate between ages x and x+n,55-59 years,0.01,0.008,paraguay,0.009
nMx - age-specific death rate between ages x and x+n,60-64 years,0.016,0.011,paraguay,0.0135
nMx - age-specific death rate between ages x and x+n,65-69 years,0.023,0.017,paraguay,0.02
nMx - age-specific death rate between ages x and x+n,70-74 years,0.035,0.024,paraguay,0.0295
nMx - age-specific death rate between ages x and x+n,75-79 years,0.049,0.037,paraguay,0.043
nMx - age-specific death rate between ages x and x+n,80-84 years,0.093,0.076,paraguay,0.0845
nMx - age-specific death rate between ages x and x+n,85+ years,0.176,0.161,paraguay,0.1685